{
  "manifest": {
    "publishingInformation": {
      "locales": {
        "en-US": {
          "summary": "Explore the world of Live Internet Radio FM, AM - Music, News, Sports, Talk from across the globe for free.",
          "examplePhrases": [
            "Alexa, Ask Radio FM To Play ON Hits",
            "Alexa, Open Radio FM"
          ],
          "keywords": [
            "radio",
            "fm",
            "music",
            "bbc",
            "station",
            "meditation",
            "calm",
            "relaxing",
            "news",
            "sports",
            "play",
            "music",
            "country",
            "VintageFM",
            "comedy",
            "capitalfm",
            "WWOZ",
            "WQXR",
            "KBIG",
            "jpop"
          ],
          "name": "Radio FM",
          "description": "Radio FM lets you Live Stream internet radio stations to get your favorite music and radio shows anytime, anywhere – Completely FREE!\nWith Radio FM app, get access to 50,000+ live Internet Radio Stations from across the globe🌏 \n\nEnjoy live radio music, talks, news, comedy, sports , meditation, etc made available by various Internet Radio Broadcasters🎙️ \n\n♥ Rock out to live tunes from your favorite radio stations with genres like classical, rock, pop, hip hop, gospel music, country music, and more.\n♥ Radio FM is the only radio app that offers the true Radio Experience with the best radios featured.\n♥️ Listen to your favorite local FM radio or international radios even if you are in some other corner of the world.\n♥️ Can’t find the station you were looking for? Suggest us through “ Suggest a Station feature” and we’ll get it added for you\n\n♥️ We already have 50,000+  Radio Stations worldwide like,\n📻 Kral pop, Super FM 90.8 from Turkey\n📻 977 Hitz: Top Hits - 97.7 FM, Smooth R\u0026B 105.7 - KRNB - FM, GotRadio - Hip Hop Stop, WOGK - K-Country 93.7 FM, Virtual DJ, WIXX, ElectricFM, 1.FM Country One, DEFJAY, WPOZ, KEXP, KCRW, La Mega 97.9 FM from US\n📻 Dorojnoe Radio - 87.5 FM, Europa Plus - 100.5 FM, Retro FM-88.3 FM, Russkoe Radio 105.7 FM - Moscow, radio record,  Vesti FM - 97.6 FM, Радио ENERGY) - 104.2 FM from Russia\n📻 Russkoe Radio Ukraine- 98.5 FM, Hit FM - 96.4 FM, Shanson 101.9 Kiev, NRJ Kiev - 92.8 FM from Ukraine\n📻 Radio Sei, 98.1 FM, 104.5 FM, Tele Stereo 92.7 FM, 105 network, RDS from Italy\n📻 CHMP-FM - 98.5 FM, CHOI-FM - Radio X 98.1, CKOI 96.9 FM, CKLX-FM - 91.9 Sports FM from Canada\n📻 Europe 1 104.7 FM, NRJ, Skyrock 96.0 FM, Fun Radio, RMC, RTL2 from France\n📻 BBC, Capital XTRA from UK\n\nTherefore, listen to what you love, wherever you are! Wherever you go with Radio FM.\n\n\nℹ️ Support:\nWe have a promise with our users to provide the best playback quality and thrive to make it better every day.\nIf you have any suggestions or complaints, tell us in Support Inbox or support@appRadioFM.com, we are always available to listen to you.\n\n🔒 USER PRIVACY\nWe respect our user\u0027s privacy. To check out why we ask permission, visit http://appradiofm.com/faq-list/app-permissions-required-by-radiofm\n\n🎵STAY TUNED\nFacebook: fb.com/radiofmapp\nInstagram: instagram.com/radiofmapp\nTwitter: twitter.com/radiofmapp\nYoutube: youtube.com/Radio-fmIn\n\nKeep Listening \nRadio FM",
          "smallIconUri": "file://assets/images/en-US_smallIconUri.png",
          "updatesDescription": "1.Stability Fixes",
          "largeIconUri": "file://assets/images/en-US_largeIconUri.png"
        },
        "en-IN": {
          "summary": "Explore the world of Live Internet Radio FM, AM - Music, News, Sports, Talk from across the globe for free.",
          "examplePhrases": [
            "Alexa, Ask Radio FM To Play ON Hits",
            "Alexa, Open Radio FM"
          ],
          "keywords": [
            "radio",
            "fm",
            "music",
            "bbc",
            "station",
            "meditation",
            "calm",
            "relaxing",
            "news",
            "sports",
            "play",
            "music",
            "country",
            "VintageFM",
            "comedy",
            "capitalfm",
            "WWOZ",
            "WQXR",
            "KBIG",
            "jpop"
          ],
          "name": "Radio FM",
          "description": "Radio FM lets you Live Stream internet radio stations to get your favorite music and radio shows anytime, anywhere – Completely FREE!\nWith Radio FM app, get access to 50,000+ live Internet Radio Stations from across the globe🌏 \n\nEnjoy live radio music, talks, news, comedy, sports , meditation, etc made available by various Internet Radio Broadcasters🎙️ \n\n♥ Rock out to live tunes from your favorite radio stations with genres like classical, rock, pop, hip hop, gospel music, country music, and more.\n♥ Radio FM is the only radio app that offers the true Radio Experience with the best radios featured.\n♥️ Listen to your favorite local FM radio or international radios even if you are in some other corner of the world.\n♥️ Can’t find the station you were looking for? Suggest us through “ Suggest a Station feature” and we’ll get it added for you\n\n♥️ We already have 50,000+  Radio Stations worldwide like,\n📻 Kral pop, Super FM 90.8 from Turkey\n📻 977 Hitz: Top Hits - 97.7 FM, Smooth R\u0026B 105.7 - KRNB - FM, GotRadio - Hip Hop Stop, WOGK - K-Country 93.7 FM, Virtual DJ, WIXX, ElectricFM, 1.FM Country One, DEFJAY, WPOZ, KEXP, KCRW, La Mega 97.9 FM from US\n📻 Dorojnoe Radio - 87.5 FM, Europa Plus - 100.5 FM, Retro FM-88.3 FM, Russkoe Radio 105.7 FM - Moscow, radio record,  Vesti FM - 97.6 FM, Радио ENERGY) - 104.2 FM from Russia\n📻 Russkoe Radio Ukraine- 98.5 FM, Hit FM - 96.4 FM, Shanson 101.9 Kiev, NRJ Kiev - 92.8 FM from Ukraine\n📻 Radio Sei, 98.1 FM, 104.5 FM, Tele Stereo 92.7 FM, 105 network, RDS from Italy\n📻 CHMP-FM - 98.5 FM, CHOI-FM - Radio X 98.1, CKOI 96.9 FM, CKLX-FM - 91.9 Sports FM from Canada\n📻 Europe 1 104.7 FM, NRJ, Skyrock 96.0 FM, Fun Radio, RMC, RTL2 from France\n📻 BBC, Capital XTRA from UK\n\nTherefore, listen to what you love, wherever you are! Wherever you go with Radio FM.\n\n\nℹ️ Support:\nWe have a promise with our users to provide the best playback quality and thrive to make it better every day.\nIf you have any suggestions or complaints, tell us in Support Inbox or support@appRadioFM.com, we are always available to listen to you.\n\n🔒 USER PRIVACY\nWe respect our user\u0027s privacy. To check out why we ask permission, visit http://appradiofm.com/faq-list/app-permissions-required-by-radiofm\n\n🎵STAY TUNED\nFacebook: fb.com/radiofmapp\nInstagram: instagram.com/radiofmapp\nTwitter: twitter.com/radiofmapp\nYoutube: youtube.com/Radio-fmIn\n\nKeep Listening \nRadio FM",
          "smallIconUri": "file://assets/images/en-IN_smallIconUri.png",
          "updatesDescription": "1.Stability Fixes",
          "largeIconUri": "file://assets/images/en-IN_largeIconUri.png"
        }
      },
      "automaticDistribution": {
        "isActive": false
      },
      "isAvailableWorldwide": false,
      "testingInstructions": "Alexa, Ask Radio FM to Play ON Hits",
      "category": "CHILDRENS_RADIO",
      "distributionMode": "PUBLIC",
      "automaticClonedLocale": {
        "locales": [
          {
            "source": "en-US",
            "targets": [
              "en-IN"
            ]
          }
        ]
      },
      "distributionCountries": [
        "US",
        "IN"
      ]
    },
    "apis": {
      "custom": {
        "endpoint": {
          "uri": "arn:aws:lambda:us-east-1:184561974748:function:64132c09-1a4f-468d-82e9-68c10139a05c:Release_6"
        },
        "interfaces": [
          {
            "type": "AUDIO_PLAYER"
          },
          {
            "supportedViewports": [
              {
                "minHeight": 540,
                "mode": "TV",
                "shape": "RECTANGLE",
                "maxHeight": 540,
                "minWidth": 960,
                "maxWidth": 960
              },
              {
                "minHeight": 100,
                "mode": "HUB",
                "shape": "ROUND",
                "maxHeight": 599,
                "minWidth": 100,
                "maxWidth": 599
              },
              {
                "minHeight": 600,
                "mode": "HUB",
                "shape": "RECTANGLE",
                "maxHeight": 959,
                "minWidth": 960,
                "maxWidth": 1279
              },
              {
                "minHeight": 600,
                "mode": "HUB",
                "shape": "RECTANGLE",
                "maxHeight": 1279,
                "minWidth": 1280,
                "maxWidth": 1920
              },
              {
                "minHeight": 100,
                "mode": "HUB",
                "shape": "RECTANGLE",
                "maxHeight": 599,
                "minWidth": 960,
                "maxWidth": 1279
              },
              {
                "minHeight": 960,
                "mode": "HUB",
                "shape": "RECTANGLE",
                "maxHeight": 1279,
                "minWidth": 1920,
                "maxWidth": 2560
              },
              {
                "minHeight": 1920,
                "mode": "HUB",
                "shape": "RECTANGLE",
                "maxHeight": 2560,
                "minWidth": 960,
                "maxWidth": 1279
              },
              {
                "minHeight": 320,
                "mode": "MOBILE",
                "shape": "RECTANGLE",
                "maxHeight": 1920,
                "minWidth": 600,
                "maxWidth": 959
              },
              {
                "minHeight": 320,
                "mode": "MOBILE",
                "shape": "RECTANGLE",
                "maxHeight": 1920,
                "minWidth": 960,
                "maxWidth": 1279
              },
              {
                "minHeight": 320,
                "mode": "MOBILE",
                "shape": "RECTANGLE",
                "maxHeight": 1920,
                "minWidth": 1280,
                "maxWidth": 1920
              }
            ],
            "type": "ALEXA_PRESENTATION_APL"
          }
        ],
        "regions": {
          "EU": {
            "endpoint": {
              "uri": "arn:aws:lambda:eu-west-1:184561974748:function:64132c09-1a4f-468d-82e9-68c10139a05c:Release_6"
            }
          },
          "NA": {
            "endpoint": {
              "uri": "arn:aws:lambda:us-east-1:184561974748:function:64132c09-1a4f-468d-82e9-68c10139a05c:Release_6"
            }
          },
          "FE": {
            "endpoint": {
              "uri": "arn:aws:lambda:us-west-2:184561974748:function:64132c09-1a4f-468d-82e9-68c10139a05c:Release_6"
            }
          }
        }
      }
    },
    "manifestVersion": "1.0",
    "privacyAndCompliance": {
      "allowsPurchases": false,
      "locales": {
        "en-US": {
          "termsOfUseUrl": "https://appradiofm.com/terms-of-use",
          "privacyPolicyUrl": "https://appradiofm.com/privacy-policy"
        },
        "en-IN": {
          "termsOfUseUrl": "https://appradiofm.com/terms-of-use",
          "privacyPolicyUrl": "https://appradiofm.com/privacy-policy"
        }
      },
      "containsAds": false,
      "isExportCompliant": true,
      "isChildDirected": false,
      "shoppingKit": {
        "isShoppingActionsEnabled": false,
        "isAmazonAssociatesOnAlexaEnabled": false
      },
      "usesPersonalInfo": false
    }
  }
}