{
  "interactionModel": {
    "languageModel": {
      "invocationName": "radio f. m.",
      "intents": [
        {
          "name": "radiofmintent",
          "slots": [
            {
              "name": "action",
              "type": "AMAZON.RadioChannel",
              "multipleValues": {
                "enabled": false
              }
            }
          ],
          "samples": [
            "listen {action}",
            "i would like to play {action}",
            "i would like to listen {action}",
            "play {action}"
          ]
        },
        {
          "name": "AMAZON.NavigateHomeIntent",
          "samples": []
        },
        {
          "name": "AMAZON.PauseIntent",
          "samples": []
        },
        {
          "name": "AMAZON.ResumeIntent",
          "samples": []
        },
        {
          "name": "AMAZON.StopIntent",
          "samples": []
        },
        {
          "name": "AMAZON.CancelIntent",
          "samples": []
        },
        {
          "name": "AMAZON.LoopOnIntent",
          "samples": []
        },
        {
          "name": "AMAZON.NextIntent",
          "samples": []
        },
        {
          "name": "AMAZON.PreviousIntent",
          "samples": []
        },
        {
          "name": "AMAZON.RepeatIntent",
          "samples": []
        },
        {
          "name": "AMAZON.ShuffleOnIntent",
          "samples": []
        },
        {
          "name": "AMAZON.StartOverIntent",
          "samples": []
        },
        {
          "name": "AMAZON.LoopOffIntent",
          "samples": []
        },
        {
          "name": "AMAZON.ShuffleOffIntent",
          "samples": []
        },
        {
          "name": "AMAZON.HelpIntent",
          "samples": [
            "help me",
            "how does this work",
            "what should i do"
          ]
        },
        {
          "name": "selectradiointent",
          "slots": [
            {
              "name": "number",
              "type": "AMAZON.NUMBER"
            }
          ],
          "samples": [
            "{number}"
          ]
        }
      ],
      "types": []
    }
  },
  "version": "7"
}